{"c": [956.720032, 554.216675], "f": [912.862671, 912.676331], "k": [0.457903, -2.524319, 0.000733, -0.000318, 1.464439, 0.340047, -2.355746, 1.395222], "camera_mtx": [[912.862671, 0.0, 956.720032], [0.0, 912.676331, 554.216675], [0.0, 0.0, 1.0]], "view_mtx": [[1.0, 0.0, 0.0, 0.0], [0.0, 1.0, 0.0, 0.0], [0.0, 0.0, 1.0, 0.0]], "R": [0.01589232, -2.00935348, -0.3307203], "T": [2.24362982, -0.57738943,  3.56304935]}
