{"trans_final": [[0.6082630271166468, 0.22775901239292473, -0.7603564441212401, 1.0779937900742556], [0.7932484658296204, -0.14087735639803775, 0.5923769424220202, -2.7915082240360873], [0.027802181602366676, -0.9634725749745601, -0.2663599744144188, 1.2045124595824666], [0.0, 0.0, 0.0, 1.0]], "trans_init": [[0.6525222441831179, 0.2206007116287621, -0.7249483063468125, 0.9550180542408311], [0.7567625731594468, -0.1404044007218134, 0.6384332479774545, -2.8512899104444145], [0.03905289632437037, -0.9652056414499621, -0.2585593568251706, 1.1979612645737723], [0.0, 0.0, 0.0, 1.0]], "fitness": 0.8258637273507162, "inlier_rmse": 0.02584422711951485, "correspondence_set": 63537}