{"c": [958.4615478515625, 550.42987060546875], "f": [920.533447265625, 920.09722900390625], "k": [0.494798, -2.563026, 0.000720, -0.000212, 1.484987, 0.376524, -2.396207, 1.416732], "camera_mtx": [[920.533447265625, 0.0, 958.4615478515625], [0.0, 920.09722900390625, 550.42987060546875], [0.0, 0.0, 1.0]], "view_mtx": [[1.0, 0.0, 0.0, 0.0], [0.0, 1.0, 0.0, 0.0], [0.0, 0.0, 1.0, 0.0]], "R": [0.08934522, -3.0593536, -0.44942786], "T": [0.30987774, -0.73634998, 5.28732693]}
