{"c": [956.664307, 551.616577], "f": [915.299622, 915.196655], "k": [0.486854, -2.639548, 0.000848, -0.000512, 1.499817, 0.363917, -2.457485, 1.424830], "camera_mtx": [[915.299622, 0.0, 956.664307], [0.0, 915.196655, 551.616577], [0.0, 0.0, 1.0]], "view_mtx": [[1.0, 0.0, 0.0, 0.0], [0.0, 1.0, 0.0, 0.0], [0.0, 0.0, 1.0, 0.0]], "R": [0.03360867, -0.92932623, -0.21523281], "T": [2.10233038, -0.21855215,  0.92148124]}
