{"c": [956.966187, 555.944580], "f": [918.457764, 918.437378], "k": [0.535593, -2.509073, 0.000718, -0.000244, 1.362741, 0.414365, -2.340596, 1.297858], "camera_mtx": [[918.457764, 0.0, 956.966187], [0.0, 918.437378, 555.944580], [0.0, 0.0, 1.0]], "view_mtx": [[1.0, 0.0, 0.0, 0.0], [0.0, 1.0, 0.0, 0.0], [0.0, 0.0, 1.0, 0.0]], "R": [0.0, 0.0, 0.0], "T": [0.0, 0.0, 0.0]}
