{"c": [957.618164, 554.602966], "f": [909.820251, 909.624695], "k": [0.615471, -2.643317, 0.000616, -0.000661, 1.452086, 0.492699, -2.474038, 1.386289], "camera_mtx": [[909.820251, 0.0, 957.618164], [0.0, 909.624695, 554.602966], [0.0, 0.0, 1.0]], "view_mtx": [[1.0, 0.0, 0.0, 0.0], [0.0, 1.0, 0.0, 0.0], [0.0, 0.0, 1.0, 0.0]], "R": [-0.09012127, 1.97613116, 0.27591913], "T": [-2.25245598, -0.57983535, 3.89767147]}
