{"c": [956.148010, 555.015930], "f": [909.176331, 909.235291], "k": [0.494798, -2.563026, 0.000720, -0.000212, 1.484987, 0.376524, -2.396207, 1.416732], "camera_mtx": [[909.176331, 0.0, 956.148010], [0.0, 909.235291, 555.015930], [0.0, 0.0, 1.0]], "view_mtx": [[1.0, 0.0, 0.0, 0.0], [0.0, 1.0, 0.0, 0.0], [0.0, 0.0, 1.0, 0.0]], "R": [-0.02175554, 1.12733787, 0.11048745], "T": [-1.94806182, -0.15149938, 1.64367348]}
